{"cameraMode":{"drawMode":0,"name":"Shaded","section":"Shading Mode"},"sceneLighting":false,"audioPlay":false,"sceneViewState":{"showFog":false,"showMaterialUpdate":false,"showSkybox":false,"showFlares":false,"showImageEffects":false,"showParticleSystems":false},"in2DMode":false,"pivot":{"x":-56.85413360595703,"y":-43.477149963378909,"z":-15.39803695678711},"rotation":{"x":0.23879669606685639,"y":-0.2064039558172226,"z":0.05202220007777214,"w":0.9474530816078186},"size":64.86920928955078,"orthographic":false}