{"cameraMode":{"drawMode":0,"name":"Shaded","section":"Shading Mode"},"sceneLighting":false,"audioPlay":false,"sceneViewState":{"showFog":false,"showMaterialUpdate":false,"showSkybox":false,"showFlares":false,"showImageEffects":false,"showParticleSystems":false},"in2DMode":false,"pivot":{"x":530.6577758789063,"y":-262.4170837402344,"z":363.7539978027344},"rotation":{"x":0.1478516161441803,"y":0.4330240786075592,"z":-0.07224375754594803,"w":0.8862375617027283},"size":415.5907897949219,"orthographic":false}