{"cameraMode":{"drawMode":0,"name":"Shaded","section":"Shading Mode"},"sceneLighting":false,"audioPlay":false,"sceneViewState":{"showFog":true,"showMaterialUpdate":true,"showSkybox":false,"showFlares":true,"showImageEffects":true,"showParticleSystems":true},"in2DMode":false,"pivot":{"x":-7.920331954956055,"y":2.044424057006836,"z":-4.684957504272461},"rotation":{"x":-0.14730682969093324,"y":0.8125262260437012,"z":-0.23303820192813874,"w":-0.513609766960144},"size":24.408042907714845,"orthographic":false}