{"cameraMode":{"drawMode":0,"name":"Shaded","section":"Shading Mode"},"sceneLighting":false,"audioPlay":false,"sceneViewState":{"showFog":false,"showMaterialUpdate":false,"showSkybox":false,"showFlares":false,"showImageEffects":false,"showParticleSystems":false},"in2DMode":false,"pivot":{"x":14.502779006958008,"y":1.6034904718399048,"z":-6.171805381774902},"rotation":{"x":0.0762772336602211,"y":0.5082559585571289,"z":-0.04525711387395859,"w":0.8566272258758545},"size":4.351095199584961,"orthographic":false}