{"cameraMode":{"drawMode":0,"name":"Shaded","section":"Shading Mode"},"sceneLighting":false,"audioPlay":false,"sceneViewState":{"showFog":false,"showMaterialUpdate":false,"showSkybox":false,"showFlares":false,"showImageEffects":false,"showParticleSystems":false},"in2DMode":false,"pivot":{"x":107.59193420410156,"y":-99.74122619628906,"z":49.519996643066409},"rotation":{"x":0.2604025900363922,"y":0.3529548943042755,"z":-0.10295151174068451,"w":0.8927591443061829},"size":115.37303161621094,"orthographic":false}