{"cameraMode":{"drawMode":0,"name":"Shaded","section":"Shading Mode"},"sceneLighting":false,"audioPlay":false,"sceneViewState":{"showFog":false,"showMaterialUpdate":false,"showSkybox":false,"showFlares":false,"showImageEffects":false,"showParticleSystems":false},"in2DMode":false,"pivot":{"x":-2.179680585861206,"y":-2.1554970741271974,"z":-67.04338836669922},"rotation":{"x":-0.1285357028245926,"y":0.040445685386657718,"z":-0.005246791988611221,"w":-0.9908666610717773},"size":9.806909561157227,"orthographic":false}