{"cameraMode":{"drawMode":0,"name":"Shaded","section":"Shading Mode"},"sceneLighting":false,"audioPlay":false,"sceneViewState":{"showFog":false,"showMaterialUpdate":false,"showSkybox":false,"showFlares":false,"showImageEffects":false,"showParticleSystems":false},"in2DMode":false,"pivot":{"x":-31.499799728393556,"y":-7.943609237670898,"z":-43.24728775024414},"rotation":{"x":-0.13161037862300874,"y":-0.010115168988704682,"z":0.0013429849641397596,"w":-0.9912496209144592},"size":33.077117919921878,"orthographic":false}