{"cameraMode":{"drawMode":0,"name":"Shaded","section":"Shading Mode"},"sceneLighting":false,"audioPlay":false,"sceneViewState":{"showFog":false,"showMaterialUpdate":false,"showSkybox":false,"showFlares":false,"showImageEffects":false,"showParticleSystems":false},"in2DMode":false,"pivot":{"x":3.09918212890625,"y":-11.52621841430664,"z":-73.43569946289063},"rotation":{"x":0.11049507558345795,"y":0.7409879565238953,"z":-0.12590652704238892,"w":0.6502930521965027},"size":60.463218688964847,"orthographic":false}