{"cameraMode":{"drawMode":0,"name":"Shaded","section":"Shading Mode"},"sceneLighting":false,"audioPlay":false,"sceneViewState":{"showFog":false,"showMaterialUpdate":false,"showSkybox":false,"showFlares":false,"showImageEffects":false,"showParticleSystems":false},"in2DMode":false,"pivot":{"x":182.6581573486328,"y":-47.66455841064453,"z":4.198543071746826},"rotation":{"x":0.11387227475643158,"y":0.6043927073478699,"z":-0.0878303050994873,"w":0.7836030125617981},"size":141.24295043945313,"orthographic":false}