{"cameraMode":{"drawMode":0,"name":"Shaded","section":"Shading Mode"},"sceneLighting":false,"audioPlay":false,"sceneViewState":{"showFog":false,"showMaterialUpdate":false,"showSkybox":false,"showFlares":false,"showImageEffects":false,"showParticleSystems":false},"in2DMode":false,"pivot":{"x":-4.852693557739258,"y":1.1149284839630128,"z":-12.565770149230957},"rotation":{"x":-0.10444949567317963,"y":0.6877521276473999,"z":-0.10099750757217407,"w":-0.7112582325935364},"size":27.805463790893556,"orthographic":false}