{"cameraMode":{"drawMode":0,"name":"Shaded","section":"Shading Mode"},"sceneLighting":false,"audioPlay":false,"sceneViewState":{"showFog":false,"showMaterialUpdate":false,"showSkybox":false,"showFlares":false,"showImageEffects":false,"showParticleSystems":false},"in2DMode":false,"pivot":{"x":-33.262901306152347,"y":3.841110944747925,"z":-49.35954666137695},"rotation":{"x":0.2672717571258545,"y":0.6911177635192871,"z":-0.3101368248462677,"w":0.5956035256385803},"size":30.37276840209961,"orthographic":false}