{"cameraMode":{"drawMode":0,"name":"Shaded","section":"Shading Mode"},"sceneLighting":false,"audioPlay":false,"sceneViewState":{"showFog":false,"showMaterialUpdate":false,"showSkybox":false,"showFlares":false,"showImageEffects":false,"showParticleSystems":false},"in2DMode":false,"pivot":{"x":356.75469970703127,"y":-416.6858825683594,"z":1099.2198486328125},"rotation":{"x":-0.15971703827381135,"y":-0.15012606978416444,"z":0.024585753679275514,"w":-0.9753759503364563},"size":727.4508666992188,"orthographic":false}