{"cameraMode":{"drawMode":0,"name":"Shaded","section":"Shading Mode"},"sceneLighting":false,"audioPlay":false,"sceneViewState":{"showFog":false,"showMaterialUpdate":false,"showSkybox":false,"showFlares":false,"showImageEffects":false,"showParticleSystems":false},"in2DMode":false,"pivot":{"x":-21.997596740722658,"y":-13.952056884765625,"z":-65.995361328125},"rotation":{"x":0.3263801634311676,"y":-0.43387550115585329,"z":0.17228956520557404,"w":0.8219170570373535},"size":49.45514678955078,"orthographic":false}