{"cameraMode":{"drawMode":0,"name":"Shaded","section":"Shading Mode"},"sceneLighting":false,"audioPlay":false,"sceneViewState":{"showFog":false,"showMaterialUpdate":false,"showSkybox":false,"showFlares":false,"showImageEffects":false,"showParticleSystems":false},"in2DMode":false,"pivot":{"x":342.8239440917969,"y":-629.0610961914063,"z":786.5025024414063},"rotation":{"x":-0.29801395535469057,"y":-0.19410987198352815,"z":0.06203455477952957,"w":-0.9325609803199768},"size":951.9051513671875,"orthographic":false}