{"cameraMode":{"drawMode":0,"name":"Shaded","section":"Shading Mode"},"sceneLighting":false,"audioPlay":false,"sceneViewState":{"showFog":false,"showMaterialUpdate":false,"showSkybox":false,"showFlares":false,"showImageEffects":false,"showParticleSystems":false},"in2DMode":false,"pivot":{"x":56.26373291015625,"y":11.428324699401856,"z":-236.438720703125},"rotation":{"x":0.00018177401216235012,"y":0.9926272630691528,"z":-0.001488990499638021,"w":0.12120118737220764},"size":133.32212829589845,"orthographic":false}